{
  "num_clusters": 1,
  "clusters": [
    {
      "cluster_id": 1,
      "num_points": 33564,
      "centroid": [
        1493916.6601961474,
        4915411.779786595,
        -7.638816732618963
      ]
    }
  ]
}